{"cameraMode":{"drawMode":0,"name":"Shaded","section":"Shading Mode"},"sceneLighting":true,"audioPlay":false,"sceneViewState":{"m_AlwaysRefresh":false,"showFog":true,"showSkybox":true,"showFlares":true,"showImageEffects":true,"showParticleSystems":true,"showVisualEffectGraphs":true,"m_FxEnabled":true},"in2DMode":false,"pivot":{"x":-6.925296783447266,"y":77.86137390136719,"z":-62.650360107421878},"rotation":{"x":-0.12883351743221284,"y":0.04222893714904785,"z":-0.005491108633577824,"w":-0.9907572865486145},"size":80.41708374023438,"orthographic":false}