{"cameraMode":{"drawMode":0,"name":"Shaded","section":"Shading Mode"},"sceneLighting":true,"audioPlay":false,"sceneViewState":{"m_AlwaysRefresh":false,"showFog":true,"showSkybox":true,"showFlares":true,"showImageEffects":true,"showParticleSystems":true,"showVisualEffectGraphs":true,"m_FxEnabled":true},"in2DMode":false,"pivot":{"x":-1.6363110542297364,"y":-0.12460613250732422,"z":1.7520906925201417},"rotation":{"x":-0.15860214829444886,"y":0.6299231052398682,"z":-0.13347962498664857,"w":-0.748482346534729},"size":3.162891387939453,"orthographic":false}