{"cameraMode":{"drawMode":0,"name":"Shaded","section":"Shading Mode"},"sceneLighting":true,"audioPlay":false,"sceneViewState":{"m_AlwaysRefresh":false,"showFog":true,"showSkybox":true,"showFlares":true,"showImageEffects":true,"showParticleSystems":true,"showVisualEffectGraphs":true,"m_FxEnabled":true},"in2DMode":false,"pivot":{"x":-0.0965825617313385,"y":1.4237257242202759,"z":-3.295656204223633},"rotation":{"x":0.15100404620170594,"y":0.5892208814620972,"z":-0.11326267570257187,"w":0.7856301069259644},"size":0.4992157518863678,"orthographic":false}